{"cameraMode":{"drawMode":0,"name":"Shaded","section":"Shading Mode"},"sceneLighting":true,"audioPlay":false,"sceneViewState":{"showFog":true,"showMaterialUpdate":false,"showSkybox":true,"showFlares":true,"showImageEffects":true,"showParticleSystems":true},"in2DMode":false,"pivot":{"x":-2.832429885864258,"y":0.8927469253540039,"z":2.207516670227051},"rotation":{"x":-0.018976546823978425,"y":0.9760681986808777,"z":-0.19461897015571595,"w":-0.09517282247543335},"size":16.383127212524415,"orthographic":false}